location,sample_num,lake,area,coordinate,date_caught,date_examined,gear,time_collected,surface_temp,num,length,weight,sex,num_schist,wt_schist,num_triaen,loc_triaen,num_acanth,num_nematodes,num_copepods,num_skin_cysts,color,kidney,testes,wt_ovary,num_of_ova,ova_dia,condition,stomach_content,keel,plates,dorsal_rays,anal_rays,remarks,remarks_notes
"Pike Bay, Aleknagik",001,1,8,0849,6/3/60,6/16/60,3,12:00,0,1,70,252,2,0,0,0,NA,0,0,0,0,1,1,NA,20,107,10,2,36,NA,NA,NA,NA,NA,NA
"Pike Bay, Aleknagik",001,1,8,0849,6/3/60,6/16/60,3,12:00,0,2,71,296,2,0,0,0,NA,0,0,0,0,1,1,NA,45,84,20,3,36,NA,NA,NA,NA,NA,NA
"Pike Bay, Aleknagik",001,1,8,0849,6/3/60,6/16/60,3,12:00,0,3,64,228,1,0,0,0,NA,0,0,2,0,1,2,1,NA,NA,NA,NA,37,NA,NA,NA,NA,NA,NA
"Pike Bay, Aleknagik",001,1,8,0849,6/3/60,6/16/60,3,12:00,0,4,63,210,1,0,0,0,NA,0,0,0,0,3,3,1,NA,NA,NA,NA,32,NA,NA,NA,NA,NA,NA
"Pike Bay, Aleknagik",001,1,8,0849,6/3/60,6/16/60,3,12:00,0,5,66,244,2,0,0,0,NA,0,0,2,0,1,1,NA,33,81,15,2,36,NA,NA,NA,NA,NA,NA
"Pike Bay, Aleknagik",001,1,8,0849,6/3/60,6/16/60,3,12:00,0,6,69,273,1,1,2,0,NA,1,0,1,0,1,3,1,NA,NA,NA,NA,24,NA,NA,NA,NA,NA,NA
"Pike Bay, Aleknagik",001,1,8,0849,6/3/60,6/16/60,3,12:00,0,7,71,285,2,0,0,0,NA,0,0,4,0,1,1,NA,21,96,10,2,36,NA,NA,NA,NA,NA,NA
"Pike Bay, Aleknagik",001,1,8,0849,6/3/60,6/16/60,3,12:00,0,8,72,311,1,0,0,0,NA,0,0,3,0,3,3,1,NA,NA,NA,NA,36,NA,NA,NA,NA,NA,NA
"Pike Bay, Aleknagik",001,1,8,0849,6/3/60,6/16/60,3,12:00,0,9,78,349,2,0,0,0,NA,0,0,1,0,1,1,NA,46,140,17,2,36,NA,NA,NA,NA,5,Stomach also with snails
"Pike Bay, Aleknagik",001,1,8,0849,6/3/60,6/16/60,3,12:00,0,10,54,138,2,0,0,0,NA,0,0,0,0,1,1,NA,39,103,20,3,33,NA,NA,NA,NA,NA,NA
"Pike Bay, Aleknagik",001,1,8,0849,6/3/60,6/16/60,3,12:00,0,11,69,274,1,0,0,0,NA,0,0,2,0,4,3,1,NA,NA,NA,NA,36,NA,NA,NA,NA,NA,NA
"Pike Bay, Aleknagik",001,1,8,0849,6/3/60,6/16/60,3,12:00,0,12,68,266,1,0,0,0,NA,0,0,1,0,3,3,1,NA,NA,NA,NA,36,NA,NA,NA,NA,NA,NA
"Pike Bay, Aleknagik",001,1,8,0849,6/3/60,6/16/60,3,12:00,0,13,71,378,2,2,75,0,NA,1,0,2,0,1,1,NA,31,132,15,2,21,NA,NA,NA,NA,NA,NA
"Pike Bay, Aleknagik",001,1,8,0849,6/3/60,6/16/60,3,12:00,0,14,58,174,2,0,0,0,NA,0,0,1,0,1,1,NA,35,92,17,3,31,NA,NA,NA,NA,NA,NA
"Pike Bay, Aleknagik",001,1,8,0849,6/3/60,6/16/60,3,12:00,0,15,71,275,1,0,0,0,NA,0,0,1,0,2,3,1,NA,NA,NA,NA,10,NA,NA,NA,NA,NA,NA
"Pike Bay, Aleknagik",001,1,8,0849,6/3/60,6/16/60,3,12:00,0,16,58,158,2,2,2,0,NA,0,0,0,0,3,1,NA,35,105,15,3,21,NA,NA,NA,NA,NA,NA
"Pike Bay, Aleknagik",001,1,8,0849,6/3/60,6/20/60,3,12:00,0,1,70,266,2,0,0,0,NA,0,0,1,0,1,1,NA,24,NA,10,2,36,4,NA,NA,NA,NA,NA
"Pike Bay, Aleknagik",001,1,8,0849,6/3/60,6/20/60,3,12:00,0,2,58,139,2,1,1,0,NA,0,0,1,0,1,1,NA,12,93,10,2,32,4,NA,NA,NA,NA,NA
"Pike Bay, Aleknagik",001,1,8,0849,6/3/60,6/20/60,3,12:00,0,3,60,180,2,0,0,0,NA,0,0,0,0,1,1,NA,27,112,15,2,32,3,NA,NA,NA,NA,NA
"Pike Bay, Aleknagik",001,1,8,0849,6/3/60,6/20/60,3,12:00,0,4,64,226,1,0,0,0,NA,0,0,0,0,3,3,1,NA,NA,NA,NA,36,4,NA,NA,NA,NA,NA
"Pike Bay, Aleknagik",001,1,8,0849,6/3/60,6/20/60,3,12:00,0,5,68,239,1,0,0,0,NA,0,0,1,0,2,2,1,NA,NA,NA,NA,32,4,NA,NA,NA,NA,NA
"Pike Bay, Aleknagik",001,1,8,0849,6/3/60,6/20/60,3,12:00,0,6,64,218,2,0,0,0,NA,1,0,2,0,1,1,NA,25,93,15,2,32,4,NA,NA,NA,NA,NA
"Pike Bay, Aleknagik",001,1,8,0849,6/3/60,6/20/60,3,12:00,0,7,56,175,1,1,7,0,NA,1,0,0,0,3,2,1,NA,NA,NA,NA,32,3,NA,NA,NA,NA,NA
"Pike Bay, Aleknagik",001,1,8,0849,6/3/60,6/20/60,3,12:00,0,8,52,116,1,0,0,0,NA,0,0,2,0,1,3,1,NA,NA,NA,NA,36,3,NA,NA,NA,NA,NA
"Pike Bay, Aleknagik",001,1,8,0849,6/3/60,6/20/60,3,12:00,0,9,53,109,1,0,0,0,NA,0,0,0,0,1,3,1,NA,NA,NA,NA,36,3,NA,NA,NA,NA,NA
"Pike Bay, Aleknagik",001,1,8,0849,6/3/60,6/20/60,3,12:00,0,10,67,226,2,0,0,0,NA,0,0,0,0,3,1,NA,12,NA,5,4,36,4,NA,NA,NA,NA,NA
"Pike Bay, Aleknagik",001,1,8,0849,6/3/60,6/20/60,3,12:00,0,11,65,244,2,0,0,0,NA,0,0,2,0,1,1,NA,57,126,18,3,31,1,NA,NA,NA,NA,NA
"Pike Bay, Aleknagik",001,1,8,0849,6/3/60,6/20/60,3,12:00,0,12,65,252,1,0,0,0,NA,0,0,0,0,1,3,1,NA,NA,NA,NA,34,4,NA,NA,NA,NA,NA
"Pike Bay, Aleknagik",001,1,8,0849,6/3/60,6/20/60,3,12:00,0,13,54,144,2,0,0,0,NA,0,0,1,0,1,1,NA,25,120,12,2,22,4,NA,NA,NA,NA,NA
"Pike Bay, Aleknagik",001,1,8,0849,6/3/60,6/20/60,3,12:00,0,14,76,343,2,0,0,0,NA,0,0,2,0,1,1,NA,23,93,10,2,36,4,NA,NA,NA,NA,NA
"Pike Bay, Aleknagik",001,1,8,0849,6/3/60,6/18/60,3,12:00,0,1,64,240,2,0,0,0,NA,0,0,1,0,1,1,NA,49,113,18,3,36,NA,NA,NA,NA,NA,NA
"Pike Bay, Aleknagik",001,1,8,0849,6/3/60,6/18/60,3,12:00,0,2,53,124,1,0,0,0,NA,0,0,0,0,1,3,1,NA,NA,NA,NA,36,NA,NA,NA,NA,NA,NA
"Pike Bay, Aleknagik",001,1,8,0849,6/3/60,6/18/60,3,12:00,0,3,71,311,1,3,53,0,NA,0,0,0,0,1,1,2,NA,NA,NA,NA,10,NA,NA,NA,NA,NA,NA
"Pike Bay, Aleknagik",001,1,8,0849,6/3/60,6/18/60,3,12:00,0,4,69,303,2,0,0,0,NA,0,0,0,0,1,1,NA,63,124,18,3,22,NA,NA,NA,NA,NA,NA
"Pike Bay, Aleknagik",001,1,8,0849,6/3/60,6/19/60,3,12:00,0,1,63,229,2,0,0,0,NA,0,0,3,0,1,1,NA,32,114,15,2,36,4,NA,NA,NA,NA,NA
"Pike Bay, Aleknagik",001,1,8,0849,6/3/60,6/19/60,3,12:00,0,2,69,240,2,0,0,0,NA,0,0,2,0,1,1,NA,13,NA,5,4,22,3,NA,NA,NA,NA,NA
"Pike Bay, Aleknagik",001,1,8,0849,6/3/60,6/19/60,3,12:00,0,3,74,364,2,0,0,0,NA,1,0,3,0,1,1,NA,41,130,15,2,34,4,NA,NA,NA,NA,NA
"Pike Bay, Aleknagik",001,1,8,0849,6/3/60,6/19/60,3,12:00,0,4,67,255,1,0,0,0,NA,0,0,0,0,1,2,2,NA,NA,NA,NA,34,4,NA,NA,NA,NA,NA
"Pike Bay, Aleknagik",001,1,8,0849,6/3/60,6/19/60,3,12:00,0,5,55,134,1,2,1,0,NA,0,0,0,0,1,2,2,NA,NA,NA,NA,36,4,NA,NA,NA,NA,NA
"Pike Bay, Aleknagik",001,1,8,0849,6/3/60,6/19/60,3,12:00,0,6,60,174,1,1,1,0,NA,0,0,0,0,4,3,1,NA,NA,NA,NA,32,4,NA,NA,NA,NA,NA
"Pike Bay, Aleknagik",001,1,8,0849,6/3/60,6/19/60,3,12:00,0,7,55,121,2,1,1,0,NA,0,0,1,0,1,1,NA,12,NA,5,4,33,4,NA,NA,NA,NA,NA
"Pike Bay, Aleknagik",001,1,8,0849,6/3/60,6/18/60,3,12:00,0,1,61,166,1,0,0,0,NA,0,0,0,0,3,3,1,NA,NA,NA,NA,36,NA,NA,NA,NA,NA,NA
"Pike Bay, Aleknagik",001,1,8,0849,6/3/60,6/18/60,3,12:00,0,2,63,191,1,0,0,0,NA,1,0,3,0,2,3,1,NA,NA,NA,NA,10,NA,NA,NA,NA,NA,NA
"Pike Bay, Aleknagik",001,1,8,0849,6/3/60,6/18/60,3,12:00,0,3,57,153,1,2,1,0,NA,0,0,0,0,3,3,1,NA,NA,NA,NA,36,NA,NA,NA,NA,NA,NA
"Pike Bay, Aleknagik",001,1,8,0849,6/3/60,6/18/60,3,12:00,0,4,75,381,2,1,1,0,NA,0,0,0,0,1,1,NA,49,132,15,2,36,NA,NA,NA,NA,NA,NA
"Pike Bay, Aleknagik",001,1,8,0849,6/3/60,6/18/60,3,12:00,0,5,65,251,1,0,0,0,NA,0,0,0,0,3,3,1,NA,NA,NA,NA,34,NA,NA,NA,NA,NA,NA
"Pike Bay, Aleknagik",001,1,8,0849,6/3/60,6/18/60,3,12:00,0,6,68,258,2,0,0,0,NA,0,0,1,0,1,1,NA,26,122,10,2,36,NA,NA,NA,NA,NA,NA
"Pike Bay, Aleknagik",001,1,8,0849,6/3/60,6/18/60,3,12:00,0,7,73,297,2,0,0,0,NA,1,0,0,0,1,1,NA,37,73,17,2,36,NA,NA,NA,NA,NA,NA
"Pike Bay, Aleknagik",001,1,8,0849,6/3/60,6/18/60,3,12:00,0,8,71,299,2,0,0,0,NA,0,0,2,0,2,1,NA,36,92,15,2,36,NA,NA,NA,NA,NA,NA
"Pike Bay, Aleknagik",001,1,8,0849,6/3/60,6/18/60,3,12:00,0,9,65,239,1,0,0,0,NA,0,0,2,0,1,3,1,NA,NA,NA,NA,36,NA,NA,NA,NA,NA,NA
"Pike Bay, Aleknagik",001,1,8,0849,6/3/60,6/18/60,3,12:00,0,10,73,371,2,2,52,0,NA,0,0,5,0,1,1,NA,57,167,15,2,36,NA,NA,NA,NA,NA,NA
"Pike Bay, Aleknagik",001,1,8,0849,6/3/60,6/18/60,3,12:00,0,11,74,344,2,1,36,0,NA,0,0,2,0,1,1,NA,32,140,12,2,32,NA,NA,NA,NA,NA,NA
"Pike Bay, Aleknagik",001,1,8,0849,6/3/60,6/18/60,3,12:00,0,12,57,156,1,0,0,0,NA,0,0,0,0,3,2,1,NA,NA,NA,NA,36,NA,NA,NA,NA,NA,NA
"Pike Bay, Aleknagik",001,1,8,0849,6/3/60,6/18/60,3,12:00,0,13,65,242,2,1,1,0,NA,0,0,0,0,1,1,NA,58,135,18,3,32,NA,NA,NA,NA,NA,NA
"Pike Bay, Aleknagik",001,1,8,0849,6/3/60,6/18/60,3,12:00,0,14,56,149,1,1,1,0,NA,0,0,1,0,1,2,1,NA,NA,NA,NA,32,NA,NA,NA,NA,2,Wt missing and estimated from regression
"Pike Bay, Aleknagik",001,1,8,0849,6/3/60,6/18/60,3,12:00,0,15,69,298,2,0,0,0,NA,0,0,0,0,1,1,NA,39,104,17,2,36,NA,NA,NA,NA,NA,NA
"Pike Bay, Aleknagik",001,1,8,0849,6/3/60,6/18/60,3,12:00,0,16,68,254,1,0,0,0,NA,0,0,1,0,3,2,1,NA,NA,NA,NA,32,NA,NA,NA,NA,NA,NA
"Pike Bay, Aleknagik",001,1,8,0849,6/3/60,6/18/60,3,12:00,0,17,61,194,2,0,0,0,NA,0,0,0,0,1,1,NA,42,88,18,3,32,NA,NA,NA,NA,NA,NA
"Pike Bay, Aleknagik",001,1,8,0849,6/3/60,6/18/60,3,12:00,0,18,55,140,2,0,0,0,NA,1,0,2,0,1,1,NA,17,63,12,2,32,NA,NA,NA,NA,NA,NA
"Pike Bay, Aleknagik",001,1,8,0849,6/3/60,6/18/60,3,12:00,0,19,68,310,2,0,0,0,NA,0,0,0,0,1,1,NA,36,131,15,2,36,NA,NA,NA,NA,NA,NA
"Pike Bay, Aleknagik",001,1,8,0849,6/3/60,6/18/60,3,12:00,0,20,66,239,2,0,0,0,NA,0,0,1,0,1,1,NA,15,NA,5,4,34,NA,NA,NA,NA,NA,NA
"Pike Bay, Aleknagik",001,1,8,0849,6/3/60,6/18/60,3,12:00,0,21,67,255,2,0,0,0,NA,0,0,0,0,1,1,NA,49,103,18,3,24,NA,NA,NA,NA,NA,NA
"Pike Bay, Aleknagik",001,1,8,0849,6/3/60,6/18/60,3,12:00,0,22,56,137,1,0,0,0,NA,0,0,2,0,3,2,1,NA,NA,NA,NA,32,NA,NA,NA,NA,NA,NA
"Pike Bay, Aleknagik",001,1,8,0849,6/3/60,6/18/60,3,12:00,0,23,84,574,2,2,74,0,NA,1,0,0,0,1,1,NA,88,196,19,3,10,NA,NA,NA,NA,NA,NA
"Pike Bay, Aleknagik",001,1,8,0849,6/3/60,6/18/60,3,12:00,0,24,70,285,1,0,0,0,NA,0,0,1,0,3,3,1,NA,NA,NA,NA,36,NA,NA,NA,NA,NA,NA
"Pike Bay, Aleknagik",001,1,8,0849,6/3/60,6/18/60,3,12:00,0,25,64,210,1,0,0,0,NA,0,0,0,0,3,3,1,NA,NA,NA,NA,33,NA,NA,NA,NA,NA,NA
"Pike Bay, Aleknagik",001,1,8,0849,6/3/60,6/18/60,3,12:00,0,26,65,230,1,0,0,0,NA,0,0,1,0,3,3,1,NA,NA,NA,NA,34,NA,NA,NA,NA,NA,NA
"Pike Bay, Aleknagik",001,1,8,0849,6/3/60,6/18/60,3,12:00,0,27,67,257,1,1,3,0,NA,1,0,2,0,3,3,1,NA,NA,NA,NA,31,NA,NA,NA,NA,NA,NA
"Pike Bay, Aleknagik",001,1,8,0849,6/3/60,6/18/60,3,12:00,0,28,68,276,2,0,0,0,NA,1,0,1,0,1,1,NA,47,147,15,2,31,NA,NA,NA,NA,NA,NA
"Pike Bay, Aleknagik",001,1,8,0849,6/3/60,6/18/60,3,12:00,0,29,56,144,2,0,0,0,NA,0,0,0,0,3,1,NA,27,86,15,2,32,NA,NA,NA,NA,NA,NA
"Pike Bay, Aleknagik",001,1,8,0849,6/3/60,6/18/60,3,12:00,0,30,68,314,2,0,0,0,NA,0,0,1,0,1,1,NA,53,147,15,2,36,NA,NA,NA,NA,NA,NA
"Pike Bay, Aleknagik",001,1,8,0849,6/3/60,6/21/60,3,12:00,0,1,53,118,1,0,0,0,NA,0,0,1,0,3,3,1,NA,NA,NA,NA,37,4,NA,NA,NA,NA,NA
"Pike Bay, Aleknagik",001,1,8,0849,6/3/60,6/21/60,3,12:00,0,2,55,124,1,0,0,0,NA,0,0,1,8,1,3,1,NA,NA,NA,NA,36,4,NA,NA,NA,NA,NA
"Pike Bay, Aleknagik",001,1,8,0849,6/3/60,6/21/60,3,12:00,0,3,72,331,2,0,0,0,NA,0,2,2,0,3,1,NA,28,129,10,2,37,4,NA,NA,NA,NA,NA
"Pike Bay, Aleknagik",001,1,8,0849,6/3/60,6/21/60,3,12:00,0,4,63,192,2,1,1,1,3,0,0,3,0,1,1,NA,25,99,15,2,10,4,NA,NA,NA,NA,NA
"Pike Bay, Aleknagik",001,1,8,0849,6/3/60,6/21/60,3,12:00,0,5,58,156,2,0,0,0,NA,0,0,1,0,1,1,NA,39,83,17,3,32,4,NA,NA,NA,NA,NA
"Pike Bay, Aleknagik",001,1,8,0849,6/3/60,6/21/60,3,12:00,0,6,69,301,2,0,0,1,6,0,0,3,0,1,1,NA,40,191,18,2,36,4,NA,NA,NA,NA,NA
"Pike Bay, Aleknagik",001,1,8,0849,6/3/60,6/21/60,3,12:00,0,7,59,153,1,0,0,0,NA,0,0,0,0,3,3,1,NA,NA,NA,NA,37,3,NA,NA,NA,NA,NA
"Pike Bay, Aleknagik",001,1,8,0849,6/3/60,6/21/60,3,12:00,0,8,55,138,1,0,0,0,NA,0,0,2,0,3,3,1,NA,NA,NA,NA,36,1,NA,NA,NA,NA,NA
"Pike Bay, Aleknagik",001,1,8,0849,6/3/60,6/21/60,3,12:00,0,9,71,285,2,0,0,0,NA,0,0,1,0,1,1,NA,47,105,17,3,32,4,NA,NA,NA,NA,NA
"Pike Bay, Aleknagik",001,1,8,0849,6/3/60,6/21/60,3,12:00,0,10,67,229,1,0,0,0,NA,0,0,0,0,2,3,1,NA,NA,NA,NA,32,4,NA,NA,NA,NA,NA
"Pike Bay, Aleknagik",001,1,8,0849,6/3/60,6/21/60,3,12:00,0,11,67,246,1,0,0,0,NA,0,0,0,0,3,3,2,NA,NA,NA,NA,32,4,NA,NA,NA,NA,NA
"Pike Bay, Aleknagik",001,1,8,0849,6/3/60,6/21/60,3,12:00,0,12,60,171,2,0,0,0,NA,0,0,1,0,1,1,NA,43,112,18,NA,32,3,NA,NA,NA,NA,NA
"Pike Bay, Aleknagik",001,1,8,0849,6/3/60,6/21/60,3,12:00,0,13,56,136,1,0,0,0,NA,0,0,0,2,1,3,2,NA,NA,NA,NA,32,4,NA,NA,NA,NA,NA
"Pike Bay, Aleknagik",001,1,8,0849,6/3/60,6/21/60,3,12:00,0,14,56,152,2,0,0,0,NA,0,0,2,6,1,1,NA,31,93,13,2,32,4,NA,NA,NA,NA,NA
"Pike Bay, Aleknagik",001,1,8,0849,6/3/60,6/21/60,3,12:00,0,15,53,111,1,0,0,0,NA,0,0,0,2,1,3,1,NA,NA,NA,NA,32,3,NA,NA,NA,NA,NA
"Pike Bay, Aleknagik",001,1,8,0849,6/3/60,6/21/60,3,12:00,0,16,64,239,1,0,0,1,3,0,0,2,0,4,3,1,NA,NA,NA,NA,36,4,NA,NA,NA,NA,NA
"Pike Bay, Aleknagik",001,1,8,0849,6/3/60,6/21/60,3,12:00,0,17,54,127,1,0,0,0,NA,0,0,0,3,3,3,1,NA,NA,NA,NA,32,2,NA,NA,NA,NA,NA
"Pike Bay, Aleknagik",001,1,8,0849,6/3/60,6/21/60,3,12:00,0,18,63,205,1,0,0,0,NA,0,0,2,0,3,3,1,NA,NA,NA,NA,32,4,NA,NA,NA,NA,NA
"Pike Bay, Aleknagik",001,1,8,0849,6/3/60,6/21/60,3,12:00,0,19,54,119,1,0,0,0,NA,0,0,1,0,1,3,1,NA,NA,NA,NA,34,4,NA,NA,NA,NA,NA
"Pike Bay, Aleknagik",001,1,8,0849,6/3/60,6/21/60,3,12:00,0,20,71,284,2,1,41,0,NA,0,5,0,0,3,1,NA,26,23,12,2,33,4,NA,NA,NA,NA,NA
"Pike Bay, Aleknagik",001,1,8,0849,6/3/60,6/21/60,3,12:00,0,21,56,139,2,0,0,0,NA,0,0,0,0,1,1,NA,19,77,12,2,32,4,NA,NA,NA,NA,NA
"Pike Bay, Aleknagik",001,1,8,0849,6/3/60,6/21/60,3,12:00,0,22,57,130,1,0,0,0,NA,0,0,0,6,3,3,1,NA,NA,NA,NA,32,4,NA,NA,NA,NA,NA
"Pike Bay, Aleknagik",001,1,8,0849,6/3/60,6/21/60,3,12:00,0,23,70,334,1,1,55,0,NA,1,0,1,0,1,1,3,NA,NA,NA,NA,32,4,NA,NA,NA,NA,NA
"Pike Bay, Aleknagik",001,1,8,0849,6/3/60,6/21/60,3,12:00,0,24,63,260,1,2,46,0,NA,0,0,0,0,1,2,1,NA,NA,NA,NA,36,4,NA,NA,NA,NA,NA
"Pike Bay, Aleknagik",001,1,8,0849,6/3/60,6/21/60,3,12:00,0,25,53,121,1,0,0,0,NA,0,0,2,0,3,2,2,NA,NA,NA,NA,36,4,NA,NA,NA,NA,NA
"Pike Bay, Aleknagik",001,1,8,0849,6/3/60,6/21/60,3,12:00,0,26,566,249,2,0,0,0,NA,0,0,2,0,1,1,NA,55,131,18,3,10,4,NA,NA,NA,NA,NA
"Pike Bay, Aleknagik",001,1,8,0849,6/3/60,6/21/60,3,12:00,0,27,69,295,1,2,1,0,NA,0,0,1,0,3,2,2,NA,NA,NA,NA,34,4,NA,NA,NA,NA,NA
"Pike Bay, Aleknagik",001,1,8,0849,6/3/60,6/21/60,3,12:00,0,28,61,195,1,1,1,0,NA,1,0,3,0,3,2,1,NA,NA,NA,NA,36,4,NA,NA,NA,NA,NA
"Pike Bay, Aleknagik",001,1,8,0849,6/3/60,6/21/60,3,12:00,0,29,68,288,2,0,0,0,NA,0,0,1,0,1,1,NA,69,147,17,3,32,4,NA,NA,NA,NA,NA
"Pike Bay, Aleknagik",001,1,8,0849,6/3/60,6/21/60,3,12:00,0,30,73,278,2,1,26,0,NA,0,0,2,0,1,1,NA,25,159,12,2,36,4,NA,NA,NA,NA,NA
"Pike Bay, Aleknagik",001,1,8,0849,6/3/60,6/21/60,3,12:00,0,31,70,309,1,0,0,0,NA,0,0,1,0,3,3,1,NA,NA,NA,NA,35,4,NA,NA,NA,NA,NA
"Pike Bay, Aleknagik",001,1,8,0849,6/3/60,6/21/60,3,12:00,0,32,53,121,1,0,0,0,NA,0,0,0,0,3,3,1,NA,NA,NA,NA,28,4,NA,NA,NA,NA,NA
"Pike Bay, Aleknagik",001,1,8,0849,6/3/60,6/21/60,3,12:00,0,33,66,263,2,0,0,0,NA,1,0,3,0,1,1,NA,33,101,13,2,36,4,NA,NA,NA,NA,NA
"Pike Bay, Aleknagik",001,1,8,0849,6/3/60,6/21/60,3,12:00,0,34,72,361,2,0,0,0,NA,0,2,0,0,3,1,NA,39,137,15,2,34,4,NA,NA,NA,NA,NA
"Pike Bay, Aleknagik",001,1,8,0849,6/3/60,6/21/60,3,12:00,0,35,58,164,2,0,0,0,NA,0,0,0,0,1,1,NA,25,135,12,2,32,4,NA,NA,NA,NA,NA
"Pike Bay, Aleknagik",001,1,8,0849,6/3/60,6/21/60,3,12:00,0,36,68,289,2,0,0,0,NA,0,0,0,0,1,1,NA,59,105,18,3,36,4,NA,NA,NA,NA,NA
"Mouth of Hansens Creek, Aleknagik",3,1,6,0840,6/17/60,6/24/60,3,13:30,49,1,62,187,2,0,NA,0,NA,0,0,0,0,3,1,NA,16,88,10,2,32,4,NA,NA,NA,NA,NA
"Mouth of Hansens Creek, Aleknagik",3,1,6,0840,6/17/60,6/24/60,3,13:30,49,2,65,239,2,0,NA,0,NA,0,0,1,0,1,1,NA,26,136,10,2,32,4,NA,NA,NA,NA,NA
"Mouth of Hansens Creek, Aleknagik",3,1,6,0840,6/17/60,6/24/60,3,13:30,49,3,63,216,1,1,35,0,NA,0,0,0,0,3,1,3,NA,NA,NA,NA,33,4,NA,NA,NA,NA,NA
"Mouth of Hansens Creek, Aleknagik",3,1,6,0840,6/17/60,6/24/60,3,13:30,49,4,56,140,2,1,23,0,NA,0,0,0,0,1,1,NA,NA,NA,NA,1,32,4,NA,NA,NA,2,Weight estimated from length-weight relationship
"Mouth of Hansens Creek, Aleknagik",3,1,6,0840,6/17/60,6/24/60,3,13:30,49,5,65,274,2,3,50,0,NA,0,0,3,0,1,1,NA,15,101,9,NA,32,4,NA,NA,NA,NA,NA
"Mouth of Hansens Creek, Aleknagik",3,1,6,0840,6/17/60,6/24/60,3,13:30,49,6,50,80,1,0,NA,0,NA,0,0,0,0,3,1,3,NA,NA,NA,NA,28,4,NA,NA,NA,NA,NA
"Mouth of Hansens Creek, Aleknagik",3,1,6,0840,6/17/60,6/24/60,3,13:30,49,7,70,351,2,2,58,0,NA,0,0,0,0,1,1,NA,31,65,15,2,32,4,NA,NA,NA,NA,NA
"Mouth of Hansens Creek, Aleknagik",3,1,6,0840,6/17/60,6/24/60,3,13:30,49,8,67,316,2,1,34,0,NA,0,0,0,0,3,1,NA,40,141,15,2,32,4,NA,NA,NA,NA,NA
"Mouth of Hansens Creek, Aleknagik",3,1,6,0840,6/17/60,6/24/60,3,13:30,49,9,51,96,2,0,NA,0,NA,0,0,0,0,1,1,NA,2,NA,NA,1,32,4,NA,NA,NA,NA,NA
"Mouth of Hansens Creek, Aleknagik",3,1,6,0840,6/17/60,6/24/60,3,13:30,49,10,70,341,2,2,78,0,NA,0,0,1,0,1,1,NA,21,127,12,2,32,4,NA,NA,NA,NA,NA
"Mouth of Hansens Creek, Aleknagik",3,1,6,0840,6/17/60,6/24/60,3,13:30,49,11,50,94,2,1,13,0,NA,0,0,0,0,1,1,NA,1,NA,NA,1,32,4,NA,NA,NA,NA,NA
"Mouth of Hansens Creek, Aleknagik",3,1,6,0840,6/17/60,6/24/60,3,13:30,49,12,64,228,2,1,29,0,NA,0,0,0,0,1,1,NA,26,167,12,2,32,4,NA,NA,NA,NA,NA
"Mouth of Hansens Creek, Aleknagik",3,1,6,0840,6/17/60,6/24/60,3,13:30,49,13,52,105,2,1,14,0,NA,0,0,0,0,1,1,NA,1,NA,NA,1,32,4,NA,NA,NA,NA,NA
"Mouth of Hansens Creek, Aleknagik",3,1,6,0840,6/17/60,6/24/60,3,13:30,49,14,62,203,2,2,20,0,NA,0,0,0,0,3,1,NA,9,NA,5,4,32,4,NA,NA,NA,NA,NA
"Mouth of Hansens Creek, Aleknagik",3,1,6,0840,6/17/60,6/24/60,3,13:30,49,15,63,236,1,2,63,1,3,0,0,0,0,3,1,3,NA,NA,NA,NA,33,4,NA,NA,NA,NA,NA
"Mouth of Hansens Creek, Aleknagik",3,1,6,0840,6/17/60,6/24/60,3,13:30,49,16,69,312,2,1,39,0,NA,1,0,0,0,3,1,NA,17,NA,5,4,36,4,NA,NA,NA,NA,NA
"Mouth of Hansens Creek, Aleknagik",3,1,6,0840,6/17/60,6/24/60,3,13:30,49,17,64,210,2,1,31,0,NA,0,0,0,0,1,1,NA,9,NA,5,4,32,4,NA,NA,NA,NA,NA
"Mouth of Hansens Creek, Aleknagik",3,1,6,0840,6/17/60,6/24/60,3,13:30,49,18,65,298,2,1,56,1,6,0,0,2,0,1,1,NA,36,143,15,2,32,4,NA,NA,NA,NA,NA
"Mouth of Hansens Creek, Aleknagik",3,1,6,0840,6/17/60,6/24/60,3,13:30,49,19,46,82,2,1,18,0,NA,0,0,1,0,1,1,NA,2,NA,NA,1,28,4,NA,NA,NA,NA,NA
"Mouth of Hansens Creek, Aleknagik",3,1,6,0840,6/17/60,6/24/60,3,13:30,49,20,71,337,1,2,66,1,3,0,0,1,0,3,2,2,NA,NA,NA,NA,32,3,NA,NA,NA,NA,NA
"Mouth of Hansens Creek, Aleknagik",3,1,6,0840,6/17/60,6/24/60,3,13:30,49,21,68,230,2,1,56,0,NA,0,0,0,0,1,1,NA,12,92,9,2,32,4,NA,NA,NA,NA,NA
"Mouth of Hansens Creek, Aleknagik",3,1,6,0840,6/17/60,6/24/60,3,13:30,49,22,58,137,2,1,2,0,NA,0,0,1,0,1,1,NA,3,NA,NA,1,32,4,NA,NA,NA,NA,NA
"Mouth of Hansens Creek, Aleknagik",3,1,6,0840,6/17/60,6/24/60,3,13:30,49,23,51,114,2,1,20,0,NA,0,0,1,0,1,1,NA,3,NA,NA,1,31,4,NA,NA,NA,NA,NA
"Mouth of Hansens Creek, Aleknagik",3,1,6,0840,6/17/60,6/24/60,3,13:30,49,24,65,253,2,2,34,0,NA,0,0,0,0,3,1,NA,12,NA,7,4,32,4,NA,NA,NA,NA,NA
"Mouth of Hansens Creek, Aleknagik",3,1,6,0840,6/17/60,6/24/60,3,13:30,49,25,48,74,2,0,NA,0,NA,0,0,0,0,1,1,NA,1,NA,NA,1,31,4,NA,NA,NA,NA,NA
"Mouth of Hansens Creek, Aleknagik",3,1,6,0840,6/17/60,6/24/60,3,13:30,49,26,67,272,2,3,35,0,NA,0,0,2,0,3,1,NA,15,NA,7,4,32,4,NA,NA,NA,NA,NA
"Mouth of Hansens Creek, Aleknagik",3,1,6,0840,6/17/60,6/24/60,3,13:30,49,27,65,225,1,2,49,1,3,1,0,1,0,3,1,2,NA,NA,NA,NA,10,4,NA,NA,NA,NA,NA
"Mouth of Hansens Creek, Aleknagik",3,1,6,0840,6/17/60,6/24/60,3,13:30,49,28,68,247,2,0,NA,0,NA,0,0,1,0,1,1,NA,32,112,15,2,32,4,NA,NA,NA,NA,NA
"Mouth of Hansens Creek, Aleknagik",3,1,6,0840,6/17/60,6/24/60,3,13:30,49,29,63,209,2,1,4,0,NA,1,0,0,0,3,1,NA,17,112,10,2,32,4,NA,NA,NA,NA,NA
"Mouth of Hansens Creek, Aleknagik",3,1,6,0840,6/17/60,6/24/60,3,13:30,49,30,69,332,1,2,56,0,NA,2,0,1,0,4,2,3,NA,NA,NA,NA,32,4,NA,NA,NA,NA,NA
"Off mouth Hansen's Creek, Aleknagik",3,1,6,0840,6/17/60,6/25/60,3,13:30,49,1,62,177,2,2,18,0,NA,0,0,1,0,1,1,NA,8,NA,5,4,36,4,NA,NA,NA,NA,NA
"Off mouth Hansen's Creek, Aleknagik",3,1,6,0840,6/17/60,6/25/60,3,13:30,49,2,55,122,2,2,24,0,NA,0,0,1,0,1,1,NA,7,NA,5,1,32,3,NA,NA,NA,NA,NA
"Off mouth Hansen's Creek, Aleknagik",3,1,6,0840,6/17/60,6/25/60,3,13:30,49,3,71,338,2,1,32,0,NA,0,2,2,0,3,1,NA,21,97,15,2,33,4,NA,NA,NA,NA,NA
"Off mouth Hansen's Creek, Aleknagik",3,1,6,0840,6/17/60,6/25/60,3,13:30,49,4,55,136,1,1,23,0,NA,0,0,1,0,3,2,3,NA,NA,NA,NA,32,4,NA,NA,NA,NA,NA
"Off mouth Hansen's Creek, Aleknagik",3,1,6,0840,6/17/60,6/25/60,3,13:30,49,5,65,259,2,3,53,0,NA,0,3,0,0,3,1,NA,24,108,15,2,32,4,NA,NA,NA,NA,NA
"Off mouth Hansen's Creek, Aleknagik",3,1,6,0840,6/17/60,6/25/60,3,13:30,49,6,63,193,2,1,28,0,NA,0,0,0,0,1,1,NA,7,NA,5,1,33,4,NA,NA,NA,NA,NA
"Off mouth Hansen's Creek, Aleknagik",3,1,6,0840,6/17/60,6/25/60,3,13:30,49,7,66,256,2,1,33,0,NA,0,0,2,0,1,1,NA,12,91,10,2,32,4,NA,NA,NA,NA,NA
"Off mouth Hansen's Creek, Aleknagik",3,1,6,0840,6/17/60,6/25/60,3,13:30,49,8,66,273,2,2,42,0,NA,0,0,2,0,1,1,NA,25,118,13,2,32,4,NA,NA,NA,NA,NA
"Off mouth Hansen's Creek, Aleknagik",3,1,6,0840,6/17/60,6/25/60,3,13:30,49,9,54,130,2,0,NA,0,NA,0,0,2,0,3,1,NA,13,86,10,2,36,4,NA,NA,NA,NA,NA
"Off mouth Hansen's Creek, Aleknagik",3,1,6,0840,6/17/60,6/25/60,3,13:30,49,10,63,259,2,1,45,0,NA,0,1,2,0,3,1,NA,20,95,12,2,32,4,NA,NA,NA,NA,NA
"Off mouth Hansen's Creek, Aleknagik",3,1,6,0840,6/17/60,6/25/60,3,13:30,49,11,68,276,2,1,37,0,NA,0,0,2,0,2,1,NA,17,120,10,2,33,4,NA,NA,NA,NA,NA
"Off mouth Hansen's Creek, Aleknagik",3,1,6,0840,6/17/60,6/25/60,3,13:30,49,12,63,270,2,1,32,1,3,0,0,0,0,3,1,NA,27,137,13,2,32,4,NA,NA,NA,NA,NA
"Off mouth Hansen's Creek, Aleknagik",3,1,6,0840,6/17/60,6/25/60,3,13:30,49,13,62,192,2,1,4,NA,NA,0,0,1,0,1,1,NA,14,82,10,2,33,4,NA,NA,NA,NA,NA
"Off mouth Hansen's Creek, Aleknagik",3,1,6,0840,6/17/60,6/25/60,3,13:30,49,14,55,139,2,0,NA,0,NA,0,0,1,0,2,1,NA,22,113,12,2,32,4,NA,NA,NA,NA,NA
"Off mouth Hansen's Creek, Aleknagik",3,1,6,0840,6/17/60,6/25/60,3,13:30,49,15,59,196,1,1,26,0,NA,0,0,0,0,3,2,3,NA,NA,NA,NA,33,4,NA,NA,NA,NA,NA
"Off mouth Hansen's Creek, Aleknagik",3,1,6,0840,6/17/60,6/25/60,3,13:30,49,16,59,172,2,2,32,0,NA,0,0,1,0,1,1,NA,3,NA,NA,1,32,4,NA,NA,NA,NA,NA
"Off mouth Hansen's Creek, Aleknagik",3,1,6,0840,6/17/60,6/25/60,3,13:30,49,17,65,291,2,1,57,0,NA,0,0,0,0,3,1,NA,34,106,15,2,32,4,NA,NA,NA,NA,NA
"Off mouth Hansen's Creek, Aleknagik",3,1,6,0840,6/17/60,6/25/60,3,13:30,49,18,62,221,2,2,39,0,NA,0,0,0,0,1,1,NA,18,89,12,2,32,4,NA,NA,NA,NA,NA
"Off mouth Hansen's Creek, Aleknagik",3,1,6,0840,6/17/60,6/25/60,3,13:30,49,19,62,237,2,0,NA,0,NA,0,0,0,0,1,1,NA,47,112,18,2,33,4,NA,NA,NA,NA,NA
"Off mouth Hansen's Creek, Aleknagik",3,1,6,0840,6/17/60,6/25/60,3,13:30,49,20,67,253,2,5,52,0,NA,0,0,3,0,1,1,NA,14,105,10,4,33,4,NA,NA,NA,NA,NA
"Off mouth Hansen's Creek, Aleknagik",3,1,6,0840,6/17/60,6/25/60,3,13:30,49,21,50,86,2,0,NA,0,NA,0,0,0,0,3,1,NA,3,NA,NA,1,31,4,NA,NA,NA,NA,NA
"Off mouth Hansen's Creek, Aleknagik",3,1,6,0840,6/17/60,6/25/60,3,13:30,49,22,70,324,2,2,75,0,NA,0,0,0,0,1,1,NA,22,98,12,2,33,4,NA,NA,NA,NA,NA
"Off mouth Hansen's Creek, Aleknagik",3,1,6,0840,6/17/60,6/25/60,3,13:30,49,23,69,289,2,1,51,1,3,0,0,1,0,1,1,NA,36,91,15,2,32,4,NA,NA,NA,NA,NA
"Off mouth Hansen's Creek, Aleknagik",3,1,6,0840,6/17/60,6/25/60,3,13:30,49,24,65,240,2,2,42,0,NA,0,0,1,0,1,1,NA,12,NA,10,4,33,4,NA,NA,NA,NA,NA
"Off mouth Hansen's Creek, Aleknagik",3,1,6,0840,6/17/60,6/25/60,3,13:30,49,25,54,129,2,1,22,0,NA,0,0,1,1,1,1,NA,3,NA,NA,1,32,3,NA,NA,NA,NA,NA
"Off mouth Hansen's Creek, Aleknagik",3,1,6,0840,6/17/60,6/25/60,3,13:30,49,26,67,263,2,1,29,0,NA,0,0,1,0,3,1,NA,31,150,12,2,32,4,NA,NA,NA,NA,NA
"Off mouth Hansen's Creek, Aleknagik",3,1,6,0840,6/17/60,6/25/60,3,13:30,49,27,51,104,2,1,19,0,NA,0,0,0,9,1,1,NA,2,NA,NA,1,0,0,NA,NA,NA,NA,NA
"Off mouth Hansen's Creek, Aleknagik",3,1,6,0840,6/17/60,6/25/60,3,13:30,49,28,64,251,2,1,36,0,NA,0,0,0,0,1,1,NA,33,103,13,2,32,4,NA,NA,NA,NA,NA
"Off mouth Hansen's Creek, Aleknagik",3,1,6,0840,6/17/60,6/25/60,3,13:30,49,29,69,263,2,1,29,0,NA,0,0,0,0,1,1,NA,14,91,10,2,33,4,NA,NA,NA,NA,NA
"Off mouth Hansen's Creek, Aleknagik",3,1,6,0840,6/17/60,6/25/60,3,13:30,49,30,62,205,2,2,40,0,NA,0,0,0,0,1,1,NA,12,70,10,2,32,4,NA,NA,NA,NA,NA
"Pike Bay, Aleknagik",4,1,8,0849,6/17/60,6/23/60,3,15:00,66,1,79,384,2,4,53,0,NA,0,0,0,0,1,1,NA,35,149,10,2,36,4,NA,NA,NA,NA,NA
"Pike Bay, Aleknagik",4,1,8,0849,6/17/60,6/23/60,3,15:00,66,2,56,154,2,0,0,0,NA,0,0,0,0,3,1,NA,32,86,17,2,33,4,NA,NA,NA,NA,NA
"Pike Bay, Aleknagik",4,1,8,0849,6/17/60,6/23/60,3,15:00,66,3,67,276,1,1,44,0,NA,0,0,0,0,1,2,3,NA,NA,NA,NA,34,4,NA,NA,NA,NA,NA
"Pike Bay, Aleknagik",4,1,8,0849,6/17/60,6/23/60,3,15:00,66,4,66,248,2,1,1,0,NA,0,0,1,0,3,1,NA,54,117,18,3,32,1,NA,NA,NA,NA,NA
"Pike Bay, Aleknagik",4,1,8,0849,6/17/60,6/23/60,3,15:00,66,5,58,140,1,2,1,0,NA,0,0,1,1,3,2,1,NA,NA,NA,NA,32,4,NA,NA,NA,NA,NA
"Pike Bay, Aleknagik",4,1,8,0849,6/17/60,6/23/60,3,15:00,66,6,54,115,1,0,0,0,NA,0,0,1,2,4,3,1,NA,NA,NA,NA,33,3,NA,NA,NA,NA,NA
"Pike Bay, Aleknagik",4,1,8,0849,6/17/60,6/23/60,3,15:00,66,7,69,378,1,1,30,0,NA,1,0,1,0,3,3,2,NA,NA,NA,NA,10,4,NA,NA,NA,NA,NA
"Pike Bay, Aleknagik",4,1,8,0849,6/17/60,6/23/60,3,15:00,66,8,53,119,1,0,0,0,NA,0,0,0,1,3,3,1,NA,NA,NA,NA,36,4,NA,NA,NA,NA,NA
"Pike Bay, Aleknagik",4,1,8,0849,6/17/60,6/23/60,3,15:00,66,9,57,136,1,0,0,0,NA,0,0,0,0,4,3,1,NA,NA,NA,NA,31,4,NA,NA,NA,NA,NA
"Pike Bay, Aleknagik",4,1,8,0849,6/17/60,6/23/60,3,15:00,66,10,55,113,1,0,0,0,NA,0,0,1,0,4,3,1,NA,NA,NA,NA,32,4,NA,NA,NA,NA,NA
"Pike Bay, Aleknagik",4,1,8,0849,6/17/60,6/23/60,3,15:00,66,11,64,245,1,1,2,0,NA,0,0,1,1,4,3,1,NA,NA,NA,NA,32,4,NA,NA,NA,NA,NA
"Pike Bay, Aleknagik",4,1,8,0849,6/17/60,6/23/60,3,15:00,66,12,66,253,2,2,35,0,NA,0,0,0,0,3,1,NA,31,95,15,2,36,4,NA,NA,NA,NA,NA
"Pike Bay, Aleknagik",4,1,8,0849,6/17/60,6/23/60,3,15:00,66,13,60,163,2,0,0,0,NA,0,0,0,6,1,1,NA,28,67,17,2,33,4,NA,NA,NA,NA,NA
"Pike Bay, Aleknagik",4,1,8,0849,6/17/60,6/23/60,3,15:00,66,14,67,295,1,1,4,0,NA,0,0,0,0,3,3,1,NA,NA,NA,NA,36,4,NA,NA,NA,NA,NA
"Pike Bay, Aleknagik",4,1,8,0849,6/17/60,6/23/60,3,15:00,66,15,62,222,1,0,0,0,NA,1,0,1,0,3,2,1,NA,NA,NA,NA,28,4,NA,NA,NA,NA,NA
"Pike Bay, Aleknagik",4,1,8,0849,6/17/60,6/23/60,3,15:00,66,16,74,322,2,1,33,0,NA,0,0,0,0,3,1,NA,12,NA,5,4,36,4,NA,NA,NA,NA,NA
"Pike Bay, Aleknagik",4,1,8,0849,6/17/60,6/23/60,3,15:00,66,17,63,203,1,4,3,0,NA,0,0,1,0,4,3,1,NA,NA,NA,NA,32,4,NA,NA,NA,NA,NA
"Pike Bay, Aleknagik",4,1,8,0849,6/17/60,6/23/60,3,15:00,66,18,62,222,1,4,20,0,NA,0,0,0,0,4,2,2,NA,NA,NA,NA,32,4,NA,NA,NA,NA,NA
"Pike Bay, Aleknagik",4,1,8,0849,6/17/60,6/23/60,3,15:00,66,19,67,285,2,0,0,0,NA,1,0,0,0,3,1,NA,52,117,17,2,33,4,NA,NA,NA,NA,NA
"Pike Bay, Aleknagik",4,1,8,0849,6/17/60,6/23/60,3,15:00,66,20,56,128,1,0,0,0,NA,0,0,0,0,4,3,1,NA,NA,NA,NA,33,4,NA,NA,NA,NA,NA
"Pike Bay, Aleknagik",4,1,8,0849,6/17/60,6/23/60,3,15:00,66,21,56,127,1,0,0,0,NA,0,0,0,0,3,3,1,NA,NA,NA,NA,28,3,NA,NA,NA,NA,NA
"Pike Bay, Aleknagik",4,1,8,0849,6/17/60,6/23/60,3,15:00,66,22,64,241,2,0,0,1,4,0,0,1,0,1,1,NA,38,81,15,2,37,4,NA,NA,NA,NA,NA
"Pike Bay, Aleknagik",4,1,8,0849,6/17/60,6/23/60,3,15:00,66,23,67,323,2,0,0,0,NA,1,0,0,0,2,1,NA,40,95,15,2,33,3,NA,NA,NA,NA,NA
"Pike Bay, Aleknagik",4,1,8,0849,6/17/60,6/23/60,3,15:00,66,24,53,120,1,1,1,0,NA,0,0,1,0,3,3,1,NA,NA,NA,NA,35,4,NA,NA,NA,NA,NA
"Pike Bay, Aleknagik",4,1,8,0849,6/17/60,6/23/60,3,15:00,66,25,52,106,1,0,0,0,NA,0,0,2,2,4,3,1,NA,NA,NA,NA,33,4,NA,NA,NA,NA,NA
"Pike Bay, Aleknagik",4,1,8,0849,6/17/60,6/23/60,3,15:00,66,26,59,153,2,1,1,0,NA,0,0,0,0,3,1,NA,18,62,12,2,36,4,NA,NA,NA,NA,NA
"Pike Bay, Aleknagik",4,1,8,0849,6/17/60,6/23/60,3,15:00,66,27,58,140,1,0,0,0,NA,0,0,0,0,4,2,1,NA,NA,NA,NA,32,3,NA,NA,NA,2,Wt. estimated from length
"Pike Bay, Aleknagik",4,1,8,0849,6/17/60,6/23/60,3,15:00,66,28,57,140,1,0,0,0,NA,0,0,0,3,4,3,1,NA,NA,NA,NA,36,4,NA,NA,NA,NA,NA
"Pike Bay, Aleknagik",4,1,8,0849,6/17/60,6/23/60,3,15:00,66,29,55,126,1,0,0,0,NA,0,0,0,0,4,3,1,NA,NA,NA,NA,36,4,NA,NA,NA,NA,NA
"Pike Bay, Aleknagik",4,1,8,0849,6/17/60,6/23/60,3,15:00,66,30,65,196,1,0,0,0,NA,0,0,1,0,1,3,1,NA,NA,NA,NA,32,4,NA,NA,NA,NA,NA
"Pike Bay, Aleknagik",4,1,8,0849,6/17/60,6/23/60,3,15:00,66,31,63,214,1,2,1,0,NA,0,0,0,0,3,3,1,NA,NA,NA,NA,34,4,NA,NA,NA,NA,NA
"Pike Bay, Aleknagik",4,1,8,0849,6/17/60,6/23/60,3,15:00,66,32,57,139,1,0,0,0,NA,0,0,1,0,4,3,1,NA,NA,NA,NA,33,3,NA,NA,NA,NA,NA
"Pike Bay, Aleknagik",4,1,8,0849,6/17/60,6/23/60,3,15:00,66,33,49,100,1,0,0,0,NA,1,0,1,0,3,2,1,NA,NA,NA,NA,33,4,NA,NA,NA,NA,NA
"Pike Bay, Aleknagik",4,1,8,0849,6/17/60,6/23/60,3,15:00,66,34,54,106,1,0,0,0,NA,0,0,1,0,3,2,1,NA,NA,NA,NA,33,4,NA,NA,NA,NA,NA
"Pike Bay, Aleknagik",4,1,8,0849,6/17/60,6/23/60,3,15:00,66,35,52,102,1,0,0,0,NA,0,0,1,1,3,2,1,NA,NA,NA,NA,36,4,NA,NA,NA,NA,NA
"Pike Bay, Aleknagik",4,1,8,0849,6/17/60,6/23/60,3,15:00,66,36,67,282,1,3,6,0,NA,0,0,0,0,3,3,1,NA,NA,NA,NA,32,4,NA,NA,NA,NA,NA
"Pike Bay, Aleknagik",4,1,8,0849,6/17/60,6/23/60,3,15:00,66,37,53,103,1,1,1,0,NA,0,0,0,0,4,3,1,NA,NA,NA,NA,36,4,NA,NA,NA,NA,NA
"Pike Bay, Aleknagik",4,1,8,0849,6/17/60,6/23/60,3,15:00,66,38,65,196,1,2,1,0,NA,0,0,0,0,3,2,1,NA,NA,NA,NA,10,4,NA,NA,NA,NA,NA
"Pike Bay, Aleknagik",4,1,8,0849,6/17/60,6/23/60,3,15:00,66,39,57,151,2,0,0,0,NA,0,0,0,0,3,1,NA,34,81,17,3,32,4,NA,NA,NA,NA,NA
"Pike Bay, Aleknagik",4,1,8,0849,6/17/60,6/23/60,3,15:00,66,40,62,180,1,0,0,0,NA,0,0,0,0,3,2,1,NA,NA,NA,NA,32,4,NA,NA,NA,NA,NA
"Pike Bay, Aleknagik",4,1,8,0849,6/17/60,6/23/60,3,15:00,66,41,56,163,2,0,0,0,NA,0,0,0,0,3,1,NA,36,77,17,3,35,4,NA,NA,NA,NA,NA
"Pike Bay, Aleknagik",4,1,8,0849,6/17/60,6/23/60,3,15:00,66,42,53,116,1,0,0,0,NA,0,0,0,0,3,2,1,NA,NA,NA,NA,10,4,NA,NA,NA,NA,NA
"Pike Bay, Aleknagik",4,1,8,0849,6/17/60,6/23/60,3,15:00,66,43,52,99,1,0,0,0,NA,0,0,0,0,4,2,1,NA,NA,NA,NA,33,4,NA,NA,NA,NA,NA
"Pike Bay, Aleknagik",4,1,8,0849,6/17/60,6/23/60,3,15:00,66,44,54,129,1,0,0,0,NA,0,0,3,1,4,2,1,NA,NA,NA,NA,32,4,NA,NA,NA,NA,NA
"Pike Bay, Aleknagik",4,1,8,0849,6/17/60,6/23/60,3,15:00,66,45,55,135,1,1,1,0,NA,0,0,1,0,3,2,1,NA,NA,NA,NA,36,4,NA,NA,NA,NA,NA
"Picnic Island, Aleknagik",5,1,8,0647,6/17/60,7/1/60,3,16:00,47,1,60,227,2,3,74,1,3,0,0,0,0,1,1,NA,3,NA,NA,1,31,4,NA,NA,NA,NA,NA
"Picnic Island, Aleknagik",5,1,8,0647,6/17/60,7/1/60,3,16:00,47,2,60,181,2,0,0,0,NA,0,0,0,0,3,1,NA,21,78,13,2,31,4,NA,NA,NA,NA,NA
"Picnic Island, Aleknagik",5,1,8,0647,6/17/60,7/1/60,3,16:00,47,3,64,236,1,2,38,0,NA,0,0,0,0,1,2,2,NA,NA,NA,NA,33,4,NA,NA,NA,NA,NA
"Picnic Island, Aleknagik",5,1,8,0647,6/17/60,7/1/60,3,16:00,47,4,57,141,2,1,1,0,NA,0,0,0,0,2,1,NA,15,92,11,2,31,3,NA,NA,NA,NA,NA
"Picnic Island, Aleknagik",5,1,8,0647,6/17/60,7/1/60,3,16:00,47,5,53,124,1,0,0,0,NA,0,0,0,0,2,1,3,NA,NA,NA,NA,31,4,NA,NA,NA,NA,NA
"Picnic Island, Aleknagik",5,1,8,0647,6/17/60,7/1/60,3,16:00,47,6,63,218,2,1,1,0,NA,1,0,0,0,1,1,NA,23,125,12,2,31,4,NA,NA,NA,NA,NA
"Picnic Island, Aleknagik",5,1,8,0647,6/17/60,7/2/60,3,16:00,47,7,63,229,2,1,47,0,NA,0,0,1,0,1,1,NA,16,80,10,2,31,4,NA,NA,NA,NA,NA
"Picnic Island, Aleknagik",5,1,8,0647,6/17/60,7/2/60,3,16:00,47,8,55,164,2,3,39,0,NA,0,0,0,0,1,1,NA,2,NA,NA,1,31,4,NA,NA,NA,NA,NA
"Picnic Island, Aleknagik",5,1,8,0647,6/17/60,7/2/60,3,16:00,47,9,56,146,2,0,0,0,NA,0,0,2,0,1,1,NA,21,74,13,2,31,4,NA,NA,NA,NA,NA
"Picnic Island, Aleknagik",5,1,8,0647,6/17/60,7/2/60,3,16:00,47,10,54,126,2,0,0,0,NA,0,0,0,0,1,1,NA,14,85,10,2,31,4,NA,NA,NA,NA,NA
"Picnic Island, Aleknagik",5,1,8,0647,6/17/60,7/2/60,3,16:00,47,11,64,222,2,0,0,0,NA,0,0,0,0,1,1,NA,38,96,17,2,31,4,NA,NA,NA,NA,NA
"Picnic Island, Aleknagik",5,1,8,0647,6/17/60,7/2/60,3,16:00,47,12,66,235,2,0,0,0,NA,0,0,0,0,3,1,NA,24,81,15,2,33,4,NA,NA,NA,NA,NA
"Picnic Island, Aleknagik",5,1,8,0647,6/17/60,7/2/60,3,16:00,47,13,60,174,2,1,25,0,NA,0,0,0,2,3,1,NA,12,92,10,2,33,4,NA,NA,NA,NA,NA
"Picnic Island, Aleknagik",5,1,8,0647,6/17/60,7/2/60,3,16:00,47,14,52,116,2,0,0,0,NA,0,0,4,0,1,1,NA,10,86,8,2,31,4,NA,NA,NA,NA,NA
"Picnic Island, Aleknagik",5,1,8,0647,6/17/60,7/2/60,3,16:00,47,15,50,94,2,0,0,0,NA,0,0,0,0,1,1,NA,2,NA,NA,1,31,4,NA,NA,NA,NA,NA
"Picnic Island, Aleknagik",5,1,8,0647,6/17/60,7/4/60,3,16:00,47,16,60,165,2,0,0,0,NA,0,0,0,0,1,1,NA,15,125,10,2,31,4,NA,NA,NA,NA,NA
"Picnic Island, Aleknagik",5,1,8,0647,6/17/60,7/4/60,3,16:00,47,17,66,266,2,1,23,0,NA,0,0,2,0,1,1,NA,39,151,17,2,33,4,NA,NA,NA,NA,NA
"Picnic Island, Aleknagik",5,1,8,0647,6/17/60,7/4/60,3,16:00,47,18,55,124,2,0,0,0,NA,0,0,0,0,1,1,NA,15,80,11,2,31,4,NA,NA,NA,NA,NA
"Picnic Island, Aleknagik",5,1,8,0647,6/17/60,7/4/60,3,16:00,47,19,46,73,2,1,5,0,NA,0,0,0,2,3,1,NA,1,NA,NA,1,31,4,NA,NA,NA,NA,NA
"Picnic Island, Aleknagik",5,1,8,0647,6/17/60,7/4/60,3,16:00,47,20,59,193,2,0,0,0,NA,0,0,0,0,1,1,NA,31,82,18,2,31,4,NA,NA,NA,NA,NA
"Picnic Island, Aleknagik",5,1,8,0647,6/17/60,7/4/60,3,16:00,47,21,64,245,2,0,0,0,NA,0,0,0,0,1,1,NA,25,108,12,2,33,4,NA,NA,NA,NA,NA
"Picnic Island, Aleknagik",5,1,8,0647,6/17/60,7/4/60,3,16:00,47,22,66,252,2,0,0,1,3,0,0,2,0,1,1,NA,24,121,12,2,31,4,NA,NA,NA,NA,NA
"Picnic Island, Aleknagik",5,1,8,0647,6/17/60,7/4/60,3,16:00,47,23,54,131,2,0,0,0,NA,1,0,0,0,1,1,NA,19,57,13,2,31,4,NA,NA,NA,NA,NA
"Picnic Island, Aleknagik",5,1,8,0647,6/17/60,7/4/60,3,16:00,47,24,61,204,1,1,21,0,NA,0,0,1,0,1,2,3,NA,NA,NA,NA,31,4,NA,NA,NA,NA,NA
"Picnic Island, Aleknagik",5,1,8,0647,6/17/60,7/4/60,3,16:00,47,25,62,193,2,0,0,0,NA,0,0,0,0,2,1,NA,13,86,10,2,31,4,NA,NA,NA,NA,NA
"Picnic Island, Aleknagik",5,1,8,0647,6/17/60,7/11/60,3,16:00,47,1,58,175,2,0,0,0,NA,0,0,0,1,1,1,NA,20,73,13,2,33,4,NA,NA,NA,NA,NA
"Picnic Island, Aleknagik",5,1,8,0647,6/17/60,7/11/60,3,16:00,47,2,48,96,2,0,0,0,NA,0,0,0,0,1,1,NA,2,NA,NA,1,31,4,NA,NA,NA,NA,NA
"Picnic Island, Aleknagik",5,1,8,0647,6/17/60,7/11/60,3,16:00,47,3,58,159,2,0,0,0,NA,0,0,2,2,1,1,NA,26,100,13,2,31,4,NA,NA,NA,NA,NA
"Picnic Island, Aleknagik",5,1,8,0647,6/17/60,7/11/60,3,16:00,47,4,53,121,1,0,0,0,NA,0,0,2,1,1,2,1,NA,NA,NA,NA,31,4,NA,NA,NA,NA,NA
"Picnic Island, Aleknagik",5,1,8,0647,6/17/60,7/11/60,3,16:00,47,5,63,232,2,0,0,0,NA,0,0,0,0,1,1,NA,34,79,15,2,31,4,NA,NA,NA,NA,NA
"Picnic Island, Aleknagik",5,1,8,0647,6/17/60,7/11/60,3,16:00,47,6,51,112,2,1,22,0,NA,0,0,0,0,1,1,NA,1,NA,NA,1,31,4,NA,NA,NA,NA,NA
"Picnic Island, Aleknagik",5,1,8,0647,6/17/60,7/11/60,3,16:00,47,7,51,110,1,0,0,0,NA,0,0,1,0,1,1,1,NA,NA,NA,NA,31,4,NA,NA,NA,NA,NA
"Picnic Island, Aleknagik",5,1,8,0647,6/17/60,7/11/60,3,16:00,47,8,52,103,2,0,0,0,NA,0,0,1,0,1,1,NA,9,107,7,2,31,4,NA,NA,NA,NA,NA
"Picnic Island, Aleknagik",5,1,8,0647,6/17/60,7/11/60,3,16:00,47,9,54,120,1,1,19,0,NA,0,0,0,0,1,1,3,NA,NA,NA,NA,31,3,NA,NA,NA,NA,NA
"Picnic Island, Aleknagik",5,1,8,0647,6/17/60,7/11/60,3,16:00,47,10,50,105,2,1,10,0,NA,0,0,0,9,1,1,NA,1,NA,NA,1,31,4,NA,NA,NA,NA,NA
"Picnic Island, Aleknagik",5,1,8,0647,6/17/60,7/12/60,3,16:00,47,11,66,208,2,1,33,0,NA,0,0,2,1,1,1,NA,7,43,8,4,31,4,NA,NA,NA,NA,NA
"Picnic Island, Aleknagik",5,1,8,0647,6/17/60,7/12/60,3,16:00,47,12,53,114,2,0,0,0,NA,0,0,1,0,1,1,NA,3,NA,NA,1,31,4,NA,NA,NA,NA,NA
"Picnic Island, Aleknagik",5,1,8,0647,6/17/60,7/12/60,3,16:00,47,13,61,225,1,2,44,1,3,1,0,2,0,1,1,3,NA,NA,NA,NA,33,4,NA,NA,NA,NA,NA
"Picnic Island, Aleknagik",5,1,8,0647,6/17/60,7/12/60,3,16:00,47,14,54,122,1,0,0,0,NA,0,0,2,0,1,1,1,NA,NA,NA,NA,31,4,NA,NA,NA,NA,NA
"Picnic Island, Aleknagik",5,1,8,0647,6/17/60,7/12/60,3,16:00,47,15,64,241,1,3,40,0,NA,0,0,1,0,1,2,3,NA,NA,NA,NA,31,4,NA,NA,NA,NA,NA
"Picnic Island, Aleknagik",5,1,8,0647,6/17/60,7/12/60,3,16:00,47,16,64,238,2,0,0,0,NA,0,0,0,0,1,1,NA,9,110,15,2,31,4,NA,NA,NA,NA,NA
"Picnic Island, Aleknagik",5,1,8,0647,6/17/60,7/12/60,3,16:00,47,17,63,233,2,0,0,0,NA,0,1,0,0,1,1,NA,2,71,15,2,31,4,NA,NA,NA,NA,NA
"Picnic Island, Aleknagik",5,1,8,0647,6/17/60,7/12/60,3,16:00,47,18,64,215,2,0,0,0,NA,0,0,0,0,1,1,NA,0,89,11,2,31,4,NA,NA,NA,NA,NA
"Picnic Island, Aleknagik",5,1,8,0647,6/17/60,7/12/60,3,16:00,47,19,65,209,2,0,0,0,NA,0,0,0,0,1,1,NA,4,84,10,2,31,4,NA,NA,NA,NA,NA
"Picnic Island, Aleknagik",5,1,8,0647,6/17/60,7/12/60,3,16:00,47,20,54,124,2,1,13,0,NA,0,0,0,0,1,1,NA,0,128,7,2,31,4,NA,NA,NA,NA,NA
"Picnic Island, Aleknagik",5,1,8,0647,6/17/60,7/12/60,3,16:00,47,21,66,259,2,0,0,0,NA,0,0,0,0,1,1,NA,9,92,15,2,33,4,NA,NA,NA,NA,NA
"Picnic Island, Aleknagik",5,1,8,0647,6/17/60,7/12/60,3,16:00,47,22,60,179,2,0,0,0,NA,0,0,0,0,1,1,NA,7,82,13,2,31,4,NA,NA,NA,NA,NA
"Picnic Island, Aleknagik",5,1,8,0647,6/17/60,7/12/60,3,16:00,47,23,53,129,2,0,0,0,NA,0,0,0,0,1,1,NA,7,66,13,2,31,4,NA,NA,NA,NA,NA
"Picnic Island, Aleknagik",5,1,8,0647,6/17/60,7/12/60,3,16:00,47,24,62,218,2,0,0,1,3,0,0,0,0,1,1,NA,1,93,15,2,33,4,NA,NA,NA,NA,NA
"Picnic Island, Aleknagik",5,1,8,0647,6/17/60,7/12/60,3,16:00,47,25,66,250,2,0,0,0,NA,0,0,0,0,1,1,NA,1,92,17,2,33,4,NA,NA,NA,NA,NA
"Picnic Island, Aleknagik",5,1,8,0647,6/17/60,7/16/60,3,16:00,47,1,65,239,2,0,0,0,NA,0,0,1,0,1,1,NA,22,85,13,2,31,4,NA,NA,NA,NA,NA
"Picnic Island, Aleknagik",5,1,8,0647,6/17/60,7/16/60,3,16:00,47,2,53,116,2,0,0,0,NA,0,0,0,8,1,1,NA,15,52,12,2,31,4,NA,NA,NA,NA,NA
"Picnic Island, Aleknagik",5,1,8,0647,6/17/60,7/16/60,3,16:00,47,3,51,121,2,0,0,0,NA,0,0,0,1,1,1,NA,14,76,10,2,31,4,NA,NA,NA,NA,NA
"Picnic Island, Aleknagik",5,1,8,0647,6/17/60,7/16/60,3,16:00,47,4,55,163,2,0,0,0,NA,0,0,0,0,1,1,NA,29,99,13,2,31,4,NA,NA,NA,NA,NA
"Picnic Island, Aleknagik",5,1,8,0647,6/17/60,7/16/60,3,16:00,47,5,61,194,2,1,40,0,NA,0,0,0,0,1,1,NA,2,NA,NA,1,33,4,NA,NA,NA,NA,NA
"Picnic Island, Aleknagik",5,1,8,0647,6/17/60,7/16/60,3,16:00,47,6,55,139,2,0,0,0,NA,0,0,3,0,1,1,NA,18,93,12,2,31,4,NA,NA,NA,NA,NA
"Picnic Island, Aleknagik",5,1,8,0647,6/17/60,7/16/60,3,16:00,47,7,45,79,1,0,0,0,NA,0,0,1,1,1,1,3,NA,NA,NA,NA,31,4,NA,NA,NA,NA,NA
"Picnic Island, Aleknagik",5,1,8,0647,6/17/60,7/16/60,3,16:00,47,8,63,238,2,0,0,0,NA,0,0,0,0,1,1,NA,25,90,12,2,33,4,NA,NA,NA,NA,NA
"Picnic Island, Aleknagik",5,1,8,0647,6/17/60,7/16/60,3,16:00,47,9,52,103,2,0,0,0,NA,0,0,0,6,1,1,NA,8,58,7,2,31,4,NA,NA,NA,NA,NA
"Picnic Island, Aleknagik",5,1,8,0647,6/17/60,7/16/60,3,16:00,47,10,49,84,1,1,18,0,NA,0,0,0,0,1,1,3,NA,NA,NA,NA,31,4,NA,NA,NA,NA,NA
"Picnic Island, Aleknagik",5,1,8,0647,6/17/60,7/16/60,3,16:00,47,11,61,233,2,2,1,0,NA,1,0,2,0,1,1,NA,21,102,11,2,31,4,NA,NA,NA,NA,NA
"Picnic Island, Aleknagik",5,1,8,0647,6/17/60,7/16/60,3,16:00,47,12,65,236,2,2,53,0,NA,0,0,0,0,1,1,NA,13,117,7,2,33,4,NA,NA,NA,NA,NA
"Picnic Island, Aleknagik",5,1,8,0647,6/17/60,7/17/60,3,16:00,47,13,65,231,2,0,0,0,NA,0,0,1,0,1,1,NA,24,116,12,2,33,4,NA,NA,NA,NA,NA
"Picnic Island, Aleknagik",5,1,8,0647,6/17/60,7/17/60,3,16:00,47,14,64,232,2,0,0,0,NA,0,0,0,0,1,1,NA,25,124,12,2,31,4,NA,NA,NA,NA,NA
"Picnic Island, Aleknagik",5,1,8,0647,6/17/60,7/17/60,3,16:00,47,15,52,123,2,1,24,0,NA,0,0,0,0,1,1,NA,2,NA,NA,1,31,4,NA,NA,NA,NA,NA
"Picnic Island, Aleknagik",5,1,8,0647,6/17/60,7/17/60,3,16:00,47,16,61,202,2,0,0,0,NA,1,0,0,0,1,1,NA,20,70,13,2,31,4,NA,NA,NA,NA,NA
"Picnic Island, Aleknagik",5,1,8,0647,6/17/60,7/17/60,3,16:00,47,17,50,97,1,0,0,0,NA,0,0,1,0,1,1,3,NA,NA,NA,NA,31,4,NA,NA,NA,NA,NA
"Picnic Island, Aleknagik",5,1,8,0647,6/17/60,7/17/60,3,16:00,47,18,61,177,2,0,0,0,NA,0,0,1,0,1,1,NA,18,64,15,2,31,4,NA,NA,NA,NA,NA
"Picnic Island, Aleknagik",5,1,8,0647,6/17/60,7/17/60,3,16:00,47,19,63,242,2,0,0,0,NA,0,0,1,0,1,1,NA,28,115,12,2,31,4,NA,NA,NA,NA,NA
"Picnic Island, Aleknagik",5,1,8,0647,6/17/60,7/17/60,3,16:00,47,20,61,205,2,0,0,0,NA,0,0,2,0,1,1,NA,23,98,12,2,33,4,NA,NA,NA,NA,NA
"Picnic Island, Aleknagik",5,1,8,0647,6/17/60,7/17/60,3,16:00,47,21,50,100,2,0,0,0,NA,0,0,0,0,1,1,NA,11,45,11,2,33,4,NA,NA,NA,NA,NA
"Picnic Island, Aleknagik",5,1,8,0647,6/17/60,7/17/60,3,16:00,47,22,52,122,1,1,19,0,NA,0,0,1,1,1,1,3,NA,NA,NA,NA,33,4,NA,NA,NA,NA,NA
"Picnic Island, Aleknagik",5,1,8,0647,6/17/60,7/17/60,3,16:00,47,23,63,208,2,0,0,0,NA,0,0,0,0,1,1,NA,22,74,12,2,31,4,NA,NA,NA,NA,NA
"Picnic Island, Aleknagik",5,1,8,0647,6/17/60,7/17/60,3,16:00,47,24,54,119,2,1,10,0,NA,0,0,2,0,1,1,NA,3,NA,NA,1,31,4,NA,NA,NA,NA,NA
"Picnic Island, Aleknagik",5,1,8,0647,6/17/60,7/17/60,3,16:00,47,25,61,185,2,0,0,0,NA,0,0,0,0,1,1,NA,11,96,7,2,31,4,NA,NA,NA,NA,NA
"Mouth of Hansens Creek, Aleknagik",7,1,6,0840,7/1/60,10/17/60,3,11:30,55,1,55,120,1,1,1,0,NA,0,0,2,8,NA,1,2,NA,NA,NA,NA,33,4,NA,NA,NA,NA,NA
"Mouth of Hansens Creek, Aleknagik",7,1,6,0840,7/1/60,10/17/60,3,11:30,55,2,64,198,2,1,1,0,NA,0,1,2,0,NA,1,NA,19,138,11,2,32,4,NA,NA,NA,NA,NA
"Mouth of Hansens Creek, Aleknagik",7,1,6,0840,7/1/60,10/17/60,3,11:30,55,3,47,81,2,0,0,0,NA,0,0,0,0,NA,1,NA,1,NA,NA,1,31,4,NA,NA,NA,NA,NA
"Mouth of Hansens Creek, Aleknagik",7,1,6,0840,7/1/60,10/17/60,3,11:30,55,4,62,193,2,2,4,0,NA,0,0,1,0,NA,1,NA,18,121,10,2,32,4,NA,NA,NA,NA,NA
"Mouth of Hansens Creek, Aleknagik",7,1,6,0840,7/1/60,10/17/60,3,11:30,55,5,67,273,2,1,28,0,NA,0,0,1,0,NA,1,NA,23,75,15,2,36,4,NA,NA,NA,NA,NA
"Mouth of Hansens Creek, Aleknagik",7,1,6,0840,7/1/60,10/17/60,3,11:30,55,6,62,171,1,0,0,0,NA,0,0,1,0,NA,2,1,NA,NA,NA,NA,32,4,NA,NA,NA,NA,NA
"Mouth of Hansens Creek, Aleknagik",7,1,6,0840,7/1/60,10/17/60,3,11:30,55,7,52,111,2,1,23,0,NA,0,0,0,0,NA,1,NA,2,NA,NA,1,33,3,NA,NA,NA,NA,NA
"Mouth of Hansens Creek, Aleknagik",7,1,6,0840,7/1/60,10/17/60,3,11:30,55,8,54,131,2,1,24,0,NA,0,0,2,0,NA,1,NA,3,NA,NA,1,32,3,NA,NA,NA,NA,NA
"Mouth of Hansens Creek, Aleknagik",7,1,6,0840,7/1/60,10/17/60,3,11:30,55,9,54,120,1,0,0,0,NA,0,0,0,0,NA,2,2,NA,NA,NA,NA,32,3,NA,NA,NA,NA,NA
"Mouth of Hansens Creek, Aleknagik",7,1,6,0840,7/1/60,10/17/60,3,11:30,55,10,69,375,2,3,43,0,NA,1,0,0,0,NA,1,NA,17,76,7,4,32,4,NA,NA,NA,NA,NA
"Mouth of Hansens Creek, Aleknagik",7,1,6,0840,7/1/60,10/17/60,3,11:30,55,11,61,178,2,2,1,0,NA,0,0,0,0,NA,1,NA,16,95,10,2,33,4,NA,NA,NA,NA,NA
"Mouth of Hansens Creek, Aleknagik",7,1,6,0840,7/1/60,10/17/60,3,11:30,55,12,68,287,2,2,33,0,NA,0,2,4,0,NA,1,NA,16,91,10,2,36,4,NA,NA,NA,NA,NA
"Mouth of Hansens Creek, Aleknagik",7,1,6,0840,7/1/60,10/17/60,3,11:30,55,13,63,209,2,1,24,0,NA,0,0,1,0,NA,1,NA,18,118,12,2,32,4,NA,NA,NA,NA,NA
"Mouth of Hansens Creek, Aleknagik",7,1,6,0840,7/1/60,10/17/60,3,11:30,55,14,61,173,1,0,0,0,NA,0,0,1,0,NA,3,2,NA,NA,NA,NA,33,4,NA,NA,NA,NA,NA
"Mouth of Hansens Creek, Aleknagik",7,1,6,0840,7/1/60,10/17/60,3,11:30,55,15,58,143,2,1,34,0,NA,0,0,2,0,NA,1,NA,7,57,10,2,22,4,NA,NA,NA,NA,NA
"Mouth of Hansens Creek, Aleknagik",7,1,6,0840,7/1/60,10/17/60,3,11:30,55,16,48,77,2,0,0,0,NA,0,0,0,0,NA,1,NA,1,NA,NA,1,33,4,NA,NA,NA,NA,NA
"Mouth of Hansens Creek, Aleknagik",7,1,6,0840,7/1/60,10/17/60,3,11:30,55,17,66,292,2,2,46,0,NA,0,0,1,0,NA,1,NA,20,132,10,2,33,4,NA,NA,NA,NA,NA
"Mouth of Hansens Creek, Aleknagik",7,1,6,0840,7/1/60,10/17/60,3,11:30,55,18,65,255,2,4,35,0,NA,0,0,1,0,NA,1,NA,14,52,11,2,33,4,NA,NA,NA,NA,NA
"Mouth of Hansens Creek, Aleknagik",7,1,6,0840,7/1/60,10/17/60,3,11:30,55,19,74,310,2,3,61,0,NA,1,0,0,0,NA,1,NA,13,NA,5,4,32,4,NA,NA,NA,NA,NA
"Mouth of Hansens Creek, Aleknagik",7,1,6,0840,7/1/60,10/17/60,3,11:30,55,20,58,170,2,1,29,0,NA,0,0,0,0,NA,1,NA,3,NA,NA,1,32,4,NA,NA,NA,NA,NA
"Mouth of Hansens Creek, Aleknagik",7,1,6,0840,7/1/60,10/17/60,3,11:30,55,21,64,223,1,2,11,0,NA,0,0,0,0,NA,1,1,NA,NA,NA,NA,32,4,NA,NA,NA,NA,NA
"Mouth of Hansens Creek, Aleknagik",7,1,6,0840,7/1/60,10/17/60,3,11:30,55,22,61,184,2,1,23,0,NA,0,0,0,0,NA,1,NA,4,NA,NA,1,32,4,NA,NA,NA,NA,NA
"Mouth of Hansens Creek, Aleknagik",7,1,6,0840,7/1/60,10/17/60,3,11:30,55,23,52,99,1,1,1,0,NA,0,0,0,0,NA,2,1,NA,NA,NA,NA,31,4,NA,NA,NA,NA,NA
"Mouth of Hansens Creek, Aleknagik",7,1,6,0840,7/1/60,10/17/60,3,11:30,55,24,65,278,1,1,46,0,NA,0,0,2,0,NA,2,1,NA,NA,NA,NA,32,4,NA,NA,NA,NA,NA
"Mouth of Hansens Creek, Aleknagik",7,1,6,0840,7/1/60,10/17/60,3,11:30,55,25,58,184,2,2,30,0,NA,0,0,0,3,NA,1,NA,15,95,11,2,32,4,NA,NA,NA,NA,NA
"Mouth of Hansens Creek, Aleknagik",7,1,6,0840,7/1/60,10/17/60,3,11:30,55,26,59,175,1,3,23,0,NA,0,0,1,0,NA,2,2,NA,NA,NA,NA,33,3,NA,NA,NA,NA,NA
"Mouth of Hansens Creek, Aleknagik",7,1,6,0840,7/1/60,10/17/60,3,11:30,55,27,63,234,2,1,3,0,NA,1,0,0,0,NA,1,NA,20,107,10,2,28,4,NA,NA,NA,NA,NA
"Mouth of Hansens Creek, Aleknagik",7,1,6,0840,7/1/60,10/17/60,3,11:30,55,28,62,223,2,1,39,0,NA,0,1,0,0,NA,1,NA,11,108,8,2,32,4,NA,NA,NA,NA,NA
"Mouth of Hansens Creek, Aleknagik",7,1,6,0840,7/1/60,10/17/60,3,11:30,55,29,51,108,1,2,29,0,NA,0,0,0,0,NA,1,3,NA,NA,NA,NA,32,4,NA,NA,NA,NA,NA
"Mouth of Hansens Creek, Aleknagik",7,1,6,0840,7/1/60,10/17/60,3,11:30,55,30,63,210,2,6,61,0,NA,0,0,2,NA,NA,1,NA,9,NA,5,4,10,4,NA,NA,NA,NA,NA
"Mouth of Hansens Creek, Aleknagik",7,1,6,0840,7/1/60,10/17/60,3,11:30,55,31,61,214,2,2,34,0,NA,0,0,0,0,NA,1,NA,23,114,11,2,33,4,NA,NA,NA,NA,NA
"Mouth of Hansens Creek, Aleknagik",7,1,6,0840,7/1/60,10/17/60,3,11:30,55,32,61,165,2,2,2,0,NA,1,0,0,0,NA,1,NA,26,113,12,2,32,4,NA,NA,NA,NA,NA
"Mouth of Hansens Creek, Aleknagik",7,1,6,0840,7/1/60,10/17/60,3,11:30,55,33,55,136,1,1,21,0,NA,0,0,1,0,NA,1,2,NA,NA,NA,NA,32,2,NA,NA,NA,NA,NA
"Mouth of Hansens Creek, Aleknagik",7,1,6,0840,7/1/60,10/17/60,3,11:30,55,34,72,319,2,1,44,1,3,0,0,0,0,NA,1,NA,32,152,12,2,32,4,NA,NA,NA,NA,NA
"Mouth of Hansens Creek, Aleknagik",7,1,6,0840,7/1/60,10/17/60,3,11:30,55,35,62,169,2,0,0,0,NA,0,0,0,0,NA,1,NA,13,66,10,2,10,4,NA,NA,NA,NA,NA
"Mouth of Hansens Creek, Aleknagik",7,1,6,0840,7/1/60,10/17/60,3,11:30,55,36,61,149,2,0,0,0,NA,0,0,0,0,NA,1,NA,8,NA,5,4,31,4,NA,NA,NA,NA,NA
"Mouth of Hansens Creek, Aleknagik",7,1,6,0840,7/1/60,10/17/60,3,11:30,55,37,66,264,2,2,39,1,3,0,0,0,0,NA,1,NA,16,93,10,2,32,4,NA,NA,NA,NA,NA
"Mouth of Hansens Creek, Aleknagik",7,1,6,0840,7/1/60,10/17/60,3,11:30,55,38,53,129,1,2,18,0,NA,0,0,0,0,NA,1,3,NA,NA,NA,NA,32,3,NA,NA,NA,NA,NA
"Mouth of Hansens Creek, Aleknagik",7,1,6,0840,7/1/60,10/17/60,3,11:30,55,39,69,265,2,3,28,0,NA,0,0,0,0,NA,1,NA,17,97,10,2,32,4,NA,NA,NA,NA,NA
"Mouth of Hansens Creek, Aleknagik",7,1,6,0840,7/1/60,10/17/60,3,11:30,55,40,73,377,2,1,42,0,NA,0,2,0,0,NA,1,NA,30,160,12,2,37,4,NA,NA,NA,NA,NA
"Mouth of Hansens Creek, Aleknagik",7,1,6,0840,7/1/60,10/17/60,3,11:30,55,41,60,178,2,1,30,0,NA,0,0,0,0,NA,1,NA,3,NA,NA,1,33,4,NA,NA,NA,NA,NA
"Mouth of Hansens Creek, Aleknagik",7,1,6,0840,7/1/60,10/17/60,3,11:30,55,42,65,268,1,1,14,1,3,0,0,0,0,NA,2,1,NA,NA,NA,NA,32,4,NA,NA,NA,NA,NA
"Mouth of Hansens Creek, Aleknagik",7,1,6,0840,7/1/60,10/17/60,3,11:30,55,43,67,304,2,3,2,0,NA,1,0,0,0,NA,1,NA,27,130,11,2,32,4,NA,NA,NA,NA,NA
"Mouth of Hansens Creek, Aleknagik",7,1,6,0840,7/1/60,10/17/60,3,11:30,55,44,71,203,1,0,0,0,NA,1,0,0,0,NA,2,1,NA,NA,NA,NA,22,4,NA,NA,NA,NA,NA
"Mouth of Hansens Creek, Aleknagik",7,1,6,0840,7/1/60,10/17/60,3,11:30,55,45,67,283,2,4,70,1,8,0,0,0,0,NA,1,NA,29,125,12,2,36,4,NA,NA,NA,NA,NA
"Mouth of Hansens Creek, Aleknagik",7,1,6,0840,7/1/60,10/17/60,3,11:30,55,46,66,264,2,2,26,0,NA,0,0,0,0,NA,1,NA,15,127,10,2,32,4,NA,NA,NA,NA,NA
"Mouth of Hansens Creek, Aleknagik",7,1,6,0840,7/1/60,10/17/60,3,11:30,55,47,69,278,2,2,40,2,3,0,4,2,0,NA,1,NA,22,9,15,4,32,4,NA,NA,NA,NA,NA
"Mouth of Hansens Creek, Aleknagik",7,1,6,0840,7/1/60,10/17/60,3,11:30,55,48,65,268,2,0,0,0,NA,0,0,1,0,NA,1,NA,40,120,17,2,33,4,NA,NA,NA,NA,NA
"Mouth of Hansens Creek, Aleknagik",7,1,6,0840,7/1/60,10/17/60,3,11:30,55,49,59,159,2,1,31,0,NA,0,0,0,0,NA,1,NA,5,NA,5,4,32,4,NA,NA,NA,NA,NA
"Mouth of Hansens Creek, Aleknagik",7,1,6,0840,7/1/60,10/17/60,3,11:30,55,50,53,121,2,1,18,0,NA,0,0,0,8,NA,1,NA,1,NA,NA,1,28,4,NA,NA,NA,NA,NA